Class,ClassName,S-O1,S-O2,S-H1,S-H2,C-O1,C-O2,C-H1,C-H2,N-O1,N-O2,N-H1,N-H2
0,MD,2.9953315342379034,3.054166498408362,2.0624883029971346,2.203335199192352,3.092924991007703,3.146013827051623,2.248798123442831,2.4545170604418303,2.8559105378145158,2.8763542897216254,1.9029981607978497,1.9463291088610881
0,MD,3.185961236424574,3.2111767313556565,2.2702715696585734,2.414751540014003,3.168024147635241,3.2274209517817773,2.4283597344709866,2.528941675879458,2.7119797196881836,2.7649772150959953,1.8249024631470034,1.8272222087091656
0,MD,2.943255000845153,3.094934248089934,1.98861585028381,2.378570368940132,3.1042482181681295,3.201107777004706,2.2447995456164906,2.3642781139282247,2.681127561306996,2.6976111654573205,1.7246173488632197,1.7461277158329518
0,MD,3.0627307027001254,3.3374053482409063,2.156636816428302,2.529188216973581,3.1858835377786496,3.298333899284001,2.4328778324036326,2.499747457860693,2.7606306751316803,2.855596559015646,1.8326813648845233,1.9086424477845496
0,MD,2.9542797768660973,3.124672302818329,2.009448431784205,2.2444549449699367,2.935501831033325,3.0215429833116727,2.2143631138546365,2.2366897415600593,2.6277690157241747,2.6616199954163253,1.6943653679180288,1.7763561016868221
0,MD,2.8871692018307478,3.0017723098196503,1.9401247382578264,2.066249258923038,3.0943013751087665,3.1520550439356225,2.234134731836914,2.371056515564317,2.714232488199934,2.8528999281432914,1.7571809810033796,1.9096156681384864
0,MD,3.089966019230633,3.0962575797242713,2.248470368939737,2.262544364205927,3.1533057257424306,3.2010240548924354,2.3323803291916185,2.437859717046903,2.835186237269079,2.8791368498214873,1.9329671492293925,1.9462594893795642
0,MD,2.9929156352961237,3.0562535889549474,2.076582288280433,2.22560216570707,3.249462417077632,3.408123530625026,2.4900871470693544,2.6315174329652464,2.8624503489143707,2.9629352001014135,1.9124405873124541,2.1100642170322685
0,MD,2.982020455999588,3.1081333626471053,2.0297196850796912,2.196299842917629,3.169835800163787,3.4543378526137243,2.234196499862982,2.6151422523449845,2.76140507713012,2.817019346756425,1.8114427951221643,1.8989486564939035
0,MD,2.9559002012923243,3.2053152731049703,2.007038116229984,2.3874976439778934,3.1669281646415666,3.20093814373224,2.471284281502231,2.4931991496870043,2.6893367212009727,2.7304457511549285,1.7870081141393845,1.8263904292346695
0,MD,3.1112783546317417,3.146506316535849,2.2527259043212515,2.2772845671983992,3.1930444719734172,3.309567041170189,2.493141391898984,2.574631235730663,2.6560161897096948,2.709674150151639,1.714557960525103,1.7634233751427943
0,MD,3.133818437625257,3.2459028019951552,2.2061670381002445,2.297412892799203,3.3067683620114674,3.5273960650882414,2.4380568081978735,2.7066268675234855,2.7095077043625486,2.9450538195421827,1.758111486794852,2.0059965104655597
0,MD,2.934984497403691,3.2389137067850386,2.1809656118334373,2.4255030406082785,3.38666945537943,3.3987275560126933,2.506140658462729,2.521696849345695,2.6346221740507687,2.798580175731973,1.7247591136155789,1.8413554789882365
0,MD,2.913149670030704,3.0918043275731404,2.04183202051491,2.1702094368977387,3.145356895488968,3.1681657153627554,2.2252087542520584,2.376096588945828,2.7467233206131265,2.830852345142713,1.9271546383204432,1.9639971995906713
0,MD,3.078193788571474,3.2843509252209944,2.4559114397713926,2.5409765839141447,2.9758849104090035,3.2680107098967723,2.176057214321351,2.455930373605897,2.6623945988526954,2.666758706744951,1.711115425679986,1.7336429851615933
0,MD,2.914829154513177,2.9651225944301185,2.012211718482923,2.1585099026875003,2.9843369447835477,3.0548078499309903,2.247003560299806,2.3618596486667025,2.715118045315894,2.766486941953641,1.8032540031842434,1.8613202303741292
0,MD,3.0294423768810983,3.068939645203047,2.171069196337372,2.279954856919321,3.268408531123825,3.3338015865412567,2.321983525294915,2.50271871571697,2.668052614897052,2.7204790028208268,1.7199135327227935,1.8111364385813122
0,MD,3.0593350584726737,3.0684142484351753,2.138727659146904,2.1665338677251267,2.905853058914026,3.293517724257759,2.079058921723962,2.602011145248998,2.650050754230945,2.8272879230810593,1.7085540670403154,1.9318245261927915
0,MD,3.1491417878526846,3.3455805176381563,2.459821131708564,2.631962195777136,2.952233899947631,2.9737652899985223,2.034170346849054,2.353797782308412,2.7451928893977566,2.849227263662904,1.8915150012622162,1.9129006769824712
0,MD,3.1543522314415053,3.383083356939348,2.8385654827747064,2.897161541923406,3.155582513578119,3.1680232006726206,2.2921686238145735,2.373603378831433,2.78732380609071,2.7877924958647835,1.8353484682751664,1.862472281672938
0,MD,3.1467969429246625,3.3367990649722965,2.223749311410798,2.406225467407408,3.1725477143772003,3.2660443965139243,2.284356802253098,2.476010904660963,2.7453404160504387,2.7687383408332398,1.7934695425348037,1.8296070616391924
0,MD,2.9733005229878806,3.1784784095538554,2.0261631227519663,2.377448211843951,3.15447967183179,3.2999062107884214,2.2029648204181567,2.467093431550576,2.73568291291224,2.7957385428541057,1.8083509062126204,1.8431942382722448
0,MD,3.154979310252445,3.2101914789664803,2.2390655335889567,2.2551879027843778,3.6250277472601504,3.732616017487735,2.7302896009632383,2.900987052844428,2.733170742267486,2.8571603711492997,1.8029492254187303,1.9449066604323202
0,MD,3.0609191430026375,3.1626523678709937,2.2317766465307405,2.245790284064833,2.9317731835870244,3.4171714911604885,2.421877990320734,2.4850871212092334,2.808779272210616,2.854616086271497,1.9716323186639035,2.02689442250947
0,MD,2.922328865819177,3.012681197870095,2.0635282891203595,2.150547372182254,2.891567222113295,3.107350318197161,2.2053890813187595,2.357802578673625,2.711383595141049,2.803280221454858,1.8531578454087496,1.9426505089696395
0,MD,2.9174860753737977,3.048180768917748,2.041097988828563,2.097228170705323,3.020671614062011,3.104066204190884,2.1449358964780276,2.4597335221523484,2.71039812573725,2.86865700284994,1.757930886013441,1.9899811556896712
0,MD,3.0182950485331936,3.2954552037616893,2.1141641374311497,2.3749126299718903,3.012527510247833,3.154609960042604,2.2259640608060143,2.2474852613532303,2.598751623376116,2.8140707169508024,1.7269464380808104,1.8657850894462633
0,MD,3.0204730792961882,3.043263740589369,2.106007588012208,2.1736237550572084,3.010874834732424,3.2581675257672065,2.347362917078439,2.350328731925175,2.8530419790870587,2.9348290812135898,1.9293364531094621,2.059604938723444
0,MD,3.089456424680562,3.3301336309523677,2.184418915867558,2.3865841698963832,2.9121727283937,3.1805747908200495,2.0869585525352448,2.3784930102903385,2.714396065425973,2.804810154003297,1.790880230501191,1.8713113049410035
0,MD,2.8251077855543856,3.0163456366935133,2.079705027161304,2.1644978632468086,3.1619407015312597,3.205181742116973,2.3343116758479363,2.4249158748294772,2.691644292992668,2.7855141356668813,1.743155185289021,1.8506652857823864
0,MD,3.170210403112071,3.2431794584943963,2.215732384562721,2.3298999978539854,3.105817444731741,3.2681025075722463,2.2546177059537165,2.31683490995798,2.7443004573114798,2.785348990701166,1.8507239124191373,1.9134850404432224
0,MD,3.1353918857024876,3.1721314729281005,2.1943738664651016,2.241491294601208,3.1885468325790662,3.288303419393958,2.3802398589831233,2.4051197743010637,2.7204266928941494,2.727775054226613,1.7646596007697914,1.8167395699408873
0,MD,3.0698915290283475,3.1083542269181614,2.1447053410666923,2.3134826560836808,3.0781562663386675,3.169788636486667,2.143283695640874,2.371214245908624,2.612798882424745,2.744508881384792,1.7473711683554816,1.861536999363698
0,MD,3.040742343573358,3.1014761001819755,2.1707005781544355,2.289169500058918,3.200177963801388,3.213001244942181,2.416283509855579,2.475218576206958,2.682596503389952,2.8056409249937895,1.7397350372973472,1.922267671267454
0,MD,3.394687172627252,3.4413033867998326,2.4840565613528214,2.6763419064088203,3.3556014364045095,3.3569658919923504,2.500613924619313,2.699432903407678,2.778284362695798,2.8910584566902138,1.8211990555675117,1.9894154920478526
0,MD,2.942337336200592,3.1184207541638767,2.0275808245295677,2.258297367487285,2.93541717648446,3.507706373116199,2.106483562717734,2.675640670942194,2.5681366786057165,2.771825030552974,1.6151448851418875,1.8388306066628333
0,MD,2.8944963292427923,3.2275416341234084,1.9639697044506568,2.2859538490529507,3.0673724912374105,3.195852781340217,2.2217958952163,2.308490849018033,2.7307086992207723,2.7837041868704366,1.7807315912287285,1.8669678626050317
0,MD,3.027050379494865,3.20759380221374,2.1455493469039584,2.2525243616884594,2.9771578728713743,3.2906154439557347,2.487843041672847,2.5150630210791927,2.7248267834855113,2.7724857078080674,1.7733473996935845,1.841200966760554
0,MD,3.0568226968537116,3.198967802276228,2.1315670292064475,2.245639775208839,3.071133504099097,3.1627236679798636,2.2319009834667844,2.267750868151085,2.7591341033012515,2.7625819444859907,1.8089693198061707,1.824783274802792
0,MD,2.9650109611939044,3.037475761220162,2.013227756613742,2.1051969029048094,3.145836136864093,3.273443905124999,2.335554966169711,2.371149510258685,2.7299095223102183,2.748376611747378,1.7855122514281445,1.7923253052947727
0,MD,2.9689566620819847,2.9864612645110604,2.0629089410608987,2.0770787281814815,2.8909736281628367,3.313051950143402,2.16793694040348,2.506858240185711,2.7535423357435413,2.7984093663869127,1.8681954006045518,1.8724002881726434
0,MD,2.841472329620685,3.1833003314170645,1.9356531197505398,2.4053619270288613,3.1394856266592464,3.218855231289534,2.34342932472904,2.6099191558360575,2.6669079474177573,2.8863149516295,1.7207030539869448,1.9328810103056004
0,MD,2.9732591545305973,3.1419791533363175,2.022279407005867,2.2572445591915824,3.3424046732853876,3.356403581216061,2.4364652675546186,2.4562127350862752,2.6829457691127474,2.728441863041981,1.7493501650613,1.8284734069709625
0,MD,3.168132099518579,3.208574449814123,2.287887453525632,2.5990804143004116,3.0268363021478373,3.075898242790227,2.2103639971733164,2.2673696213895074,2.6449115297113432,2.724232185405642,1.7380258916368305,1.7718448013299581
0,MD,2.952244400451969,3.03957579277109,2.020198257597506,2.093946035598816,3.0192974348347996,3.328060997037164,2.2781117180682786,2.391166451755294,2.592064428211614,2.7881737750721354,1.699609955254441,1.8339773717251804
0,MD,3.085766679449371,3.1382198775739085,2.2156197778499815,2.226377775670607,3.2886168825206745,3.361052662485371,2.3680204813303463,2.567238594287644,2.849935788750336,2.891974066273762,1.9110389844270586,1.9546204235093831
0,MD,2.9810444478403877,3.189502939330829,2.043468130409672,2.2432463083665155,3.036163533145077,3.2512303824859914,2.1829104425056007,2.560534905054021,2.7837005945323936,2.8669618065122537,1.8329980905609258,1.9197007579307774
0,MD,2.9900639756710894,3.213949999776599,2.0698327128277785,2.3988050142894064,3.230437206948001,3.2599555994796923,2.3078838389184586,2.615334611947198,2.70926625105378,2.7327947649071636,1.801710622748004,1.8168369279343703
0,MD,2.919212736338343,3.2006558702865884,1.9664488297436074,2.3123998356685633,2.9983643874619372,3.0143161745244975,2.121462938634563,2.230664026696983,2.692303289007388,2.7392825703092414,1.7715227912730886,1.89295245582133
0,MD,3.101013582207114,3.183719200918479,2.1578284907955494,2.2841834728123303,3.069334519091883,3.151149886870664,2.1504687083921965,2.2618041310434016,2.719094722766017,2.791623574914963,1.8273661357650806,1.8870555993817453
0,MD,3.242885906102773,3.245902185833703,2.495230851043647,2.6495954408173343,3.198656905640241,3.391646945069608,2.4736479135074982,2.492967308249348,2.6438731058808416,2.8392685677829075,1.7015592848913628,1.8840968658749995
0,MD,3.0011367846201207,3.080642303156923,2.0608699619335518,2.13691296032384,3.137589839351218,3.2593339810458204,2.336636899477538,2.353522678879471,2.7548310293010707,2.874725899977247,1.8261883802061607,1.9312309545986475
0,MD,2.9621670202345105,3.0278988713854034,2.0744807797661085,2.5296672861105662,3.1539158165981536,3.337118209630279,2.3755715038350247,2.4403126000748347,2.7162594865347454,2.794566268476917,1.7860782774783415,1.8552403288000179
0,MD,2.9622888110378436,2.9729900773463744,2.123347828312639,2.151849901828656,2.9918412391034392,3.097134966384255,2.222923525450212,2.3203114015148922,2.7944613076584197,2.8620702297462923,1.8644841109540191,2.102677578707683
0,MD,3.114160721607027,3.165378966253487,2.2508136306678064,2.347404311148805,3.18936623798522,3.2654751568493077,2.389905019033184,2.5533511313565938,2.681383784541111,2.7122287882846456,1.7425926087298782,1.7583915946113933
0,MD,2.9779518129076568,3.143981711142735,2.0593010950320014,2.501997202236645,3.1745976122967146,3.357625500260564,2.3917566765873155,2.5765117892220095,2.6496963977029515,2.839525312442205,1.7510833789400204,1.9162974716885686
0,MD,3.000481294725898,3.007291971192689,2.105239416313499,2.1352257491890625,3.123340039124784,3.4097557097246716,2.240080355701554,2.52567099995229,2.739120661818315,2.8149644757971637,1.801215978165861,1.8581111376879484
0,MD,3.0170366255648933,3.147857843041837,2.0776996895605495,2.2237915819608642,3.000702751023499,3.32694785050803,2.1724872841975382,2.505337103066172,2.7570134203518126,2.7636711092313417,1.8132095852382863,1.8290349914640787
0,MD,3.015802712380238,3.1727529056010657,2.117863782210744,2.355284483878753,3.0028729576856903,3.029816166040442,2.0929648826485368,2.418818513241538,2.6337509373515187,2.6908779236524274,1.6825415299480733,1.7358585771888224
0,MD,3.015080430104644,3.1649677723477687,2.1864612962501764,2.2131509211981,3.078659935751269,3.212527353969147,2.412567719256809,2.506485587431134,2.7238885806875435,2.7639457302921127,1.8221992207220366,1.9267415498711815
0,MD,3.0561964923741396,3.092098963487424,2.165273885678207,2.1701009193122798,2.950103896475512,3.2874824714361597,2.1879252729469525,2.436358963699725,2.729382714094892,2.8058242995597564,1.7852176337914656,1.9243352098841824
0,MD,2.884456794614891,3.12262773958088,1.9294522538793242,2.418189818852111,2.961903610855694,3.401259913620246,2.395064299763161,2.541973445966735,2.8096371651869925,2.89012023971322,1.8991640266180276,2.0055884423280856
0,MD,2.877428560074255,2.9130569617077517,1.9437672238704404,2.2294152839607966,3.0347232181834967,3.1470903418750154,2.2606731591406577,2.506364913760763,2.6238847679774353,2.741915126623908,1.6856365764710375,1.7927705532320637
0,MD,3.024587740502827,3.0998801589738916,2.167671792499963,2.266305804608018,3.000098331721813,3.0540671243441904,2.1703707056629744,2.3105414949747165,2.7926514283025012,2.8185808485832022,1.8686238251718827,1.8738375062955688
0,MD,3.015667421981409,3.0175398920312535,2.0815054648018583,2.1114776816248844,3.333453914485694,3.3433783812186135,2.4539407083301743,2.642423698046927,2.6977273768859598,2.7662257680818456,1.7484129946897562,1.9311434436623294
0,MD,3.0252644512505014,3.0431033502002522,2.0688866571177837,2.1621787622673563,3.2760529604998747,3.3297550960994107,2.428235573415396,2.5453386808045804,2.732673965185016,2.8409788805973193,1.7826780415992116,1.9095604206204106
0,MD,2.895920061051409,3.0809456340545824,1.9523690737153163,2.133184005190363,2.9815098524069983,3.333942261047722,2.2262192165193437,2.7028662564026362,2.6284421241488274,2.7736448943583243,1.7168637103742401,1.8722537221220854
0,MD,2.9661094045904646,3.3577613077763586,2.060552595785898,2.6266766074261967,3.2339873221767585,3.5038791360433654,2.5956542527848354,2.650921537880743,2.876452502649748,2.9866278643312762,2.0049364079690903,2.040518806578366
0,MD,3.452952939152227,3.499579689048387,2.893711457626693,3.0018629215871937,3.1659041362618665,3.2837857725497255,2.409274372087993,2.46256492300203,2.6732478373693676,2.679827233237247,1.7370267700873234,1.7847540446795465
0,MD,3.1306805969309632,3.1925853160095823,2.188992005467357,2.378924336753904,3.0744401116300826,3.2422004873233865,2.326197326109718,2.421401660196011,2.654524816233594,2.72524696128626,1.7127218104525892,1.8484030945656835
0,MD,2.995333203501741,3.106843092272283,2.1255204068651055,2.3979893661148717,3.0834010443015685,3.184006438435701,2.235769666132896,2.2570542749344775,2.745907864441195,2.76968391698403,1.79234594874985,1.8262910501888792
0,MD,2.921275919867892,2.9508481831500584,1.9729759248404422,2.032553812325765,3.1485358502008527,3.277868972366041,2.2653575876669008,2.559378440168628,2.6216590167296747,2.856522711269771,1.7420109069692993,1.9028339391549647
0,MD,2.953094817306075,3.3599401780388884,2.2101307653620865,2.419940081902856,3.1557404836266234,3.46145128522705,2.253620420567758,2.5514462565376506,2.806733332541586,2.836550193456834,1.8838038645251798,1.9115629730668047
0,MD,2.899475942500299,2.902132007280682,2.056864419225049,2.1549960101257732,3.227701714969957,3.2958416105809754,2.3083995567446722,2.581412427305835,2.7731396712661263,2.837217133949039,1.847540371451731,1.8950226976851754
0,MD,2.947345415793676,3.2541176991620926,2.028965499953118,2.3958420231726465,2.966955004714429,3.1226804191271307,2.144127794698814,2.5049129725401658,2.776505177376768,2.789821141220347,1.8207067309152238,1.8427465913684393
0,MD,3.0033854231516797,3.0233717932136637,2.1399532705178395,2.3316676435547157,2.9867314911119807,3.0177400484468504,2.14463843106478,2.1518217863010864,2.7870310367844846,2.96519493457007,1.8371785433103665,2.041980656127772
0,MD,2.9173382240191144,3.0787871221791216,1.963715718058243,2.1725300621234216,2.978457321273884,3.238617376230327,2.228040419127535,2.312296363606318,2.6440997451285764,2.6978530337359,1.7297342930511035,1.7943239734287115
0,MD,3.2011629136924595,3.250062460938252,2.2477673367143676,2.4394150938288472,3.2464820960541263,3.3001766619379636,2.3565285909574714,2.448453185176306,2.578559287664333,2.726652343075663,1.6369792301675676,1.8048138408157233
0,MD,2.9526020727487134,2.9973851937980878,2.070030434558874,2.1281480211677013,3.1703760029371915,3.460742550378459,2.281937115697976,2.5976870481256973,2.732980241421441,2.7782364910136783,1.7796645751376856,1.8321195375848154
0,MD,3.0158657131908244,3.2389556958995285,2.082580610684734,2.378780569955959,3.051526011686612,3.1424609782780117,2.3018612034612342,2.463457326604218,2.6619517275863585,2.682956019020812,1.7552054010855822,1.8581808308127603
0,MD,3.0935710756341126,3.1615975392196902,2.2350422814792568,2.3137817528885476,3.0224657152728795,3.2398313227697515,2.0926361365512163,2.363571027068998,2.657564674659866,2.7367946579895257,1.7203752497638418,1.8167570008121623
0,MD,3.200234522656114,3.296623879061728,2.3499644678164815,2.3937140597824134,2.9927370415724805,3.179796534371343,2.0785478103714614,2.471902506168073,2.707710102651316,2.74444420602788,1.7593595425608728,1.7958588474598995
0,MD,3.073443996561513,3.247218656019333,2.1720688294803194,2.340636879142085,3.0293367260837805,3.1877645772547254,2.2556422588699654,2.499988799974911,2.7208647522433003,2.758943819652731,1.77923354284928,1.8702529240720354
0,MD,2.925227090425972,3.126122604672759,1.9858504287770518,2.3989495667489553,3.2574432349832287,3.464575792932952,2.3565469986335943,2.5809502904244392,2.730389187780563,2.818246004228339,1.8129806804844892,1.870109264720112
0,MD,3.0133909470893427,3.0869429861920032,2.158285893944545,2.175265271179586,3.157366940981044,3.215028615735793,2.3334667342818496,2.4225831255088024,2.6734004563476828,2.784533354082871,1.7277977312174004,1.830687302627076
0,MD,3.110881868538245,3.1556712439669634,2.18010756615356,2.2406827084618643,3.000858043960093,3.284724037114837,2.1316327075741732,2.6285693827631804,2.5758977075963245,2.7934319393892535,1.6665428287325843,1.943822008312489
0,MD,3.0110119784891256,3.116922303899473,2.1009599541621444,2.200820611423157,3.0367193379818627,3.1432210513888457,2.2518647243020617,2.356149996848885,2.7610408364681964,2.7752032290387314,1.8243062406553348,1.8244732202737315
0,MD,2.9631100215820543,3.4659821118984446,2.016438692348468,2.7467043888995404,3.0196584243917393,3.420445731187677,2.1784205287317686,2.5887398478796597,2.7530197965143657,2.841797494544606,1.8506488051491568,1.9296079912769843
0,MD,3.0143284492569826,3.146377122978109,2.115325034125963,2.1926965134281575,3.16039364636749,3.1697887942258864,2.327474597068676,2.343659104904124,2.6942176972175056,2.7077278297495124,1.7455778412892382,1.7683124723871628
0,MD,3.0804691201179093,3.193798522136297,2.1604437044274025,2.309820339333776,3.0791519936501994,3.2868471214828343,2.2560764614702222,2.3677789170444097,2.653361829830225,2.745365185180288,1.7171097809982914,1.7906630057048702
0,MD,3.0059945109730317,3.178184072705669,2.342766526993247,2.3781959549204523,3.0572894858027433,3.060195581984916,2.4108828258544626,2.44427248890135,2.752806931115947,2.761585957380289,1.8117441872405715,1.8600153225175338
0,MD,3.0006950642079575,3.1734998193573287,2.209643071979273,2.3241118865355856,3.3530594701763046,3.3972958283896917,2.5414173460199327,2.5490018969380936,2.623933178120777,2.770233342099543,1.6692504057055073,1.8712489523532136
0,MD,3.145404584469222,3.1614011134305615,2.192954399890705,2.213166509777337,2.951489285089818,3.0408428108009784,2.1848521689121205,2.324368516393216,2.7047040503537536,2.803497993578736,1.767124783369868,1.998476419675748
0,MD,2.91785263507258,3.2259116540909796,2.2443399920689373,2.5147828932136473,3.2186408622274096,3.285421890716625,2.4129367998354208,2.5290009885328244,2.6956487159865623,2.846887598764658,1.7632574967939316,1.903568491018908
0,MD,3.242411910908298,3.2601312857000098,2.3119729669699858,2.3357459194013375,3.11785872033997,3.197317625760695,2.3913736638175145,2.395942612000545,2.7975492846418266,2.826152862107781,1.8448991842374476,1.8795810703451978
0,MD,2.965313642770359,3.161031635400064,2.0696622912929534,2.2581592060791453,2.993915663474841,3.0801352243042825,2.2057527059940325,2.236660233473113,2.82211693591885,2.8428450538149277,1.9123038461499782,1.9544978894846616
0,MD,2.9553427889163726,2.966861810061264,2.0589786302922133,2.191621545796627,3.074263489032777,3.163464714517929,2.227011674868365,2.3531774263748155,2.5631496249731502,2.7763535437692357,1.627974508399932,1.8197774589218332
0,MD,3.1015147911947802,3.1625649400447102,2.1849203646815143,2.3249062346684,3.1183620700617816,3.4361380938489647,2.2430572886130213,2.59179069370966,2.7874357391696054,2.827589963201878,1.8377937860380316,1.8857690738794082
0,MD,3.0389006235808376,3.0511994362873103,2.1683187035120093,2.200658537801811,2.9461751475429967,3.2202647406696236,2.259525613928728,2.502575073798986,2.752667978525561,2.8477710582137745,1.8526030335719519,1.9907923045862919
0,MD,2.998400073372464,3.0090445327379247,2.1135337707261743,2.155761350428196,3.038301005496328,3.0435773359650327,2.1778289648179445,2.2061987671105245,2.713162177238948,2.785389918844398,1.7983328390484328,1.8528062499894582
0,MD,3.033467042275884,3.4112569502942756,2.1248563629610353,2.4643276749598457,3.0695048955974973,3.335078652694416,2.1665988904395754,2.587211503700654,2.6329638721184536,2.770226045689773,1.6825217709560245,1.8648946197490621
0,MD,3.2134545274517277,3.2243371411811155,2.2695649362818426,2.392117263011996,3.1620989864329045,3.342164717664287,2.226331960871963,2.4920670135451815,2.728832900710485,2.7537743190029214,1.7741617739090183,1.828477235297175
0,MD,2.985305846977827,3.4539047468046933,2.0448053697112596,2.5965440493086187,2.9786040354501613,3.4122891143629674,2.085632038495764,2.566840275513847,2.7483067514380566,2.825171499219117,1.8041690608144243,1.8743812312333903
0,MD,3.163681557932151,3.345997011355509,2.23752675961652,2.565966874299043,3.226540717238821,3.4395706127364205,2.3633658201810412,2.7792939750951153,2.679573846715182,2.8624931440965935,1.733177717373496,1.9264023463440862
0,MD,3.0867908902288796,3.0948744724140274,2.1710343157122147,2.4132944287840226,3.0056649846581376,3.0702534097367273,2.227256159493111,2.2860590543553334,2.698575364891631,2.777091464104126,1.756718816430222,1.863587132387429
0,MD,3.219395440140897,3.2620223788318805,2.3155953877998643,2.316066924767071,2.9925517539384336,3.032738201691666,2.1408208706008076,2.3216278771586123,2.654086660227958,2.8022908485737172,1.7023624760902125,1.9266110141904622
0,MD,3.074791049811352,3.1296250574150246,2.179596522294894,2.2214274689937548,2.98188296215663,3.024403577566989,2.0968795864331353,2.1598421238599825,2.832941404265185,2.879403410430708,1.8877576645321819,1.945590141833575
0,MD,2.8927906912669985,3.068033454772617,1.9942332200730684,2.120477230839558,3.011833077731234,3.163140123850506,2.1483293032894193,2.3984555967957792,2.7203841358832026,2.7359287899557985,1.7668863276931537,1.8778398298987062
0,MD,3.050179994688841,3.060464017105903,2.1851601771952547,2.387877928203198,3.172473010129481,3.1884235916828874,2.336058646524098,2.3649526422319758,2.768448301847083,2.7690456839857305,1.8193045374538055,1.8353228598805167
0,MD,2.9612850251200067,2.99584862768465,2.3039589840099155,2.37340472739059,3.170686203332018,3.3263735508808985,2.394783079946908,2.406548150359764,2.7654715691903253,2.8024928189024854,1.8388811815884134,1.863700888018246
0,MD,3.0483447763638876,3.194807942635363,2.251564597686018,2.2765111735673518,3.0188095351858486,3.0868534321877026,2.213913083693667,2.263947412184523,2.6330064978007557,2.6748357434885603,1.6767268911692206,1.756255429165416
0,MD,3.064085018402721,3.362091016019644,2.1235689298913756,2.447452144578112,3.19434202927614,3.477449352614644,2.261953359377687,2.6457849496888457,2.711497925501698,2.846059380968712,1.774869290962014,1.9073431783504513
0,MD,3.0209328029600395,3.2627592617292507,2.181045162301781,2.411386737958058,3.0556410129463836,3.1628054002736237,2.3038617580054583,2.451828297413993,2.6395266621119786,2.833135542115838,1.6845058622634714,2.0140039721907197
0,MD,2.9403567810726643,3.1619003779372927,2.0586446997964463,2.2810315648846244,3.0807132291078316,3.160352828403816,2.3166365705479137,2.4125722787100075,2.811567000802222,2.8763073549257565,1.8619014474455944,1.9238529049800044
0,MD,2.90401170796538,3.3954431227749944,1.9508341805494394,2.5185658617554565,3.0285300064552776,3.2691888902295014,2.4020326808767614,2.4744362994427638,2.822178059584476,2.897773283057183,1.8939535369168903,1.9461759940971426
0,MD,3.0958050649225317,3.1655661420984402,2.1975943665745055,2.300168689466058,3.2703426425987843,3.3793126520048413,2.4194637835685824,2.509997011950412,2.634514945867645,2.726937843076002,1.6851186901817927,1.7893968257488326
0,MD,2.9842409420152385,3.392730611174426,2.056329253791814,2.437603741382098,3.160288277989842,3.228365530729133,2.407208757046219,2.507634941533557,2.6586285938430736,2.835034744055177,1.7707811835458391,1.9237050189673055
0,MD,3.040352940038377,3.173053103873302,2.094826484461185,2.224084755579247,3.0019676880339667,3.3193657526702296,2.2206586860659163,2.4812192567364937,2.5907879110417356,2.7289221315383845,1.6433700131132978,1.7735210740219587
0,MD,2.91378413750916,3.094683990329223,2.0343674692640956,2.222953215881973,3.382954625767245,3.438663403126278,2.452573342430354,2.5874730916475253,2.7095174847193735,2.790033333134212,1.7706617407059992,1.988971090790412
0,MD,3.289139249104542,3.4518873098639817,2.357794308246586,2.618486585797223,3.3880156434113484,3.4798489909764787,2.529490462524025,2.5776023743005827,2.7280113636126964,2.9955508675367213,1.775316591484459,2.0770250359588833
0,MD,3.0779793696514606,3.1898877723205246,2.2797688479317366,2.291558639878107,2.9896956366827716,3.325716313818723,2.196785378684045,2.505942537250206,2.765094935079083,2.904569675528545,1.8153748924120332,1.9710405881158306
0,MD,2.8916130446517214,3.0057794330256495,1.9441409413928807,2.2098149243771514,3.1566998590299966,3.244055178322342,2.260902032375573,2.439234511071044,2.745556045685463,2.792521799377759,1.7993357107555006,1.8400222824737744
0,MD,2.9768444901825153,3.0149905057420994,2.1251675731257054,2.1977791432846474,2.888444419049639,3.1850371844380407,2.218471858976129,2.336911275571668,2.7954960652358287,2.8259750114174755,1.8760398155756182,1.8829255052786873
0,MD,2.9838156779533143,3.0434482088578396,2.1179102908291476,2.222636722453762,2.9393919439230975,3.1179687297982968,2.05559845300584,2.233612320882924,2.8123395954258443,2.8368182881531196,1.898988414919901,1.9266878314869802
0,MD,2.9659057638434843,3.243956380717842,2.1940660883391825,2.3793663021905647,3.229622114117996,3.326234056707375,2.4780790947828923,2.520640593182613,2.6781581357343325,2.681420146116605,1.7371493890854643,1.737199182592485
0,MD,2.8927225929909,3.181895818533348,1.9682047657700659,2.4171034317960003,3.201561025499905,3.4423663372744047,2.3994759844599405,2.7802555637926525,2.818734645190995,2.917360108042886,1.8758243521182896,1.9617629826255774
0,MD,3.039080288508351,3.0716309999737934,2.119115617421569,2.1547271288959076,3.082586576237559,3.256576269642704,2.2217119525266993,2.4173402739374517,2.7334019097088533,2.747588215144329,1.7971989316711716,1.8621243245283052
0,MD,2.887487913832887,3.1095464947971125,2.006840709737322,2.19615249737672,2.8082217239689244,3.0912559979912695,2.1677160076880457,2.2592148587378755,2.71166264501855,2.7613145206480927,1.7861245414704425,1.8995579685484731
0,MD,3.056175312287729,3.0818917442181513,2.1580059962071467,2.187241619270034,3.236973586077279,3.2529283705482976,2.36052915516352,2.512256577269328,2.802398107669929,2.833515583728807,1.852947563427255,1.8925124207362554
0,MD,2.901396387948396,3.0143770500718716,2.0664561451915686,2.0685274955871393,3.0234056955691537,3.2089541910099,2.230935678140453,2.4011919956554912,2.73824505842702,2.7771966080924115,1.7813405064725827,1.8782774023024387
0,MD,3.0399845394343705,3.0683594965388257,2.2247413332789945,2.3008515814802135,3.0749904064891003,3.236070147570971,2.210697853619984,2.5084513150547694,2.7169469998511206,2.750716270355778,1.7618144056625267,1.818710257297738
0,MD,2.912148862953266,3.184655868378875,1.9808785929480885,2.434661988860056,3.1085504660532695,3.4278898757107124,2.277698180181036,2.6524773326081412,2.6711102560545874,2.9133858309533927,1.7685296152453887,2.0487152071481294
0,MD,3.122511329042698,3.195778778326183,2.334777933765863,2.418423866901747,3.0257724633554317,3.144145352874131,2.1971554337369956,2.2114092791701863,2.8021159861790146,2.885212817107258,1.9414370965859273,2.012701915336696
0,MD,2.9724866694402525,3.1996727957714683,2.19019108755378,2.31105798282951,3.126866962312276,3.2767111560221487,2.412673620695515,2.642686701067684,2.648453699802963,2.851937937613651,1.724989565185831,1.8947115875509926
0,MD,3.089774749071524,3.36781442481619,2.176626058835095,2.6197610578066093,3.080635161780766,3.448027407083649,2.40039788368512,2.581801115500572,2.681714563483595,2.82664624599542,1.7314759599832747,1.8700783406050132
0,MD,2.9935463918235845,3.0784790075620125,2.0631362049074715,2.1488392215333367,2.90229116389104,3.120341968438716,1.998716838374061,2.4930385075245036,2.7601429310816505,2.8247978688748683,1.8180792061953739,1.9346433779898569
0,MD,3.237612391871515,3.2421506750920766,2.3015666403560857,2.3167500944210624,3.0895943099377967,3.3076119784521274,2.208283043452539,2.448886685822765,2.6900804820674047,2.752303398973304,1.734285443633775,1.808900494775764
0,MD,2.917477849101857,3.069978664420975,1.9763284140041097,2.1479932495238434,3.0180222000508876,3.155584256520494,2.243008916611791,2.5294270102139733,2.8069545774736007,2.850442948034568,1.8821503659378551,1.9664907830956135
0,MD,3.0175311100301845,3.140805469939201,2.126443274578469,2.2527785066446286,3.112632969047267,3.201812923954178,2.388691901438945,2.4086319768698568,2.7586087073015646,2.7932962606927316,1.8454229867431482,1.8557728848110693
0,MD,2.9145558127395677,3.080677747041712,2.1662426669544668,2.2962414081738007,3.1352180796718114,3.337789935420592,2.2480481486244908,2.4100632961540662,2.7899072210996554,2.844546475054679,1.83646652676519,1.9499930151059517
0,MD,3.1199681088113707,3.159012662209507,2.233143748172068,2.2554999445799147,3.0553083314127227,3.1329880306186935,2.141921333756214,2.2711626978268207,2.717665358354482,2.7729552827263553,1.7789668349915917,1.8542127709623837
0,MD,3.002242715326328,3.0164858410755055,2.0615535556191595,2.1723874071624514,3.084575426109889,3.2111398538914493,2.223161928155032,2.335905041318888,2.697661204177056,2.7915407355591286,1.816623879334685,1.8962616395268348
0,MD,3.003934253608091,3.038325031987197,2.0628368815783764,2.1324448410216847,3.2443087091089224,3.2563766674019767,2.409719900735353,2.454646410381748,2.7198937479247243,2.7300716107823986,1.7753596818673112,1.8375587065451808
0,MD,2.9462452375863077,3.1165336513504873,1.9922233810494245,2.1989820372163127,3.3120987304124854,3.445687304443048,2.4813663574732363,2.521873311647514,2.764825491780629,2.771996031743191,1.833951471549888,1.8438137107636443
0,MD,2.9678089561156065,3.0900893190974266,2.015147141029657,2.207167868559163,2.9572605566638863,3.0455130930600167,2.1856360630260467,2.2749589007276594,2.741822386661835,2.747469199099418,1.7899837988093623,1.8148688657861762
0,MD,3.1353993366076987,3.1375651387660453,2.2742460289071627,2.274310664794939,3.143384958925648,3.146715430413116,2.316060664145047,2.3280899896696434,2.720090807307726,2.7941483496765165,1.8024996532593285,1.8739714512233103
0,MD,2.943358683823805,3.2186677428245054,2.2935527787517773,2.304844790295867,2.9325629925135455,3.083358917911926,2.3328191571094834,2.4103098853504297,2.5916425874709264,2.6169220415660077,1.6529708105995096,1.7720178519176946
0,MD,3.149505040478582,3.2752137334836644,2.206484307671367,2.3991210890657437,3.169982018876447,3.266488787674006,2.2300838549256388,2.411745426034845,2.7771055075383795,2.8411212575319627,1.8794363516756825,1.885869825836343
0,MD,3.0994380135760107,3.207003274086261,2.145821287992083,2.288056598950297,2.9646156580575505,3.038368147542361,2.0725042822633686,2.2721190549792936,2.730068314163585,2.7565567289645965,1.7871885742696538,1.8324641879174606
0,MD,3.1106787040772947,3.198427113441855,2.186743926480648,2.4891046583058736,3.0518376431258587,3.178519152058077,2.3983955053326795,2.4974855354936496,2.765953542632269,2.8641173160329862,1.8253980387849655,1.9485225171909093
0,MD,3.3490289637445665,3.512775967806658,2.5983891163565165,2.7683325306039377,3.011609868492266,3.3462701624345876,2.18699268402983,2.4675283179732705,2.71046435136122,2.767560839439669,1.7528299974612476,1.8748279921102107
0,MD,2.885458888981092,3.161428949067179,1.934438161327469,2.2656608307511537,2.9242231447001434,3.258370451621485,1.9797257385809788,2.4805493343209286,2.6590165475227865,2.7275883120441757,1.737704520337102,1.8390391512961333
0,MD,2.8802650237120537,3.1803547655965994,1.9921352921026723,2.281846220145652,3.40627373365838,3.450629622163179,2.4527800757876768,2.7176827331966105,2.738609473744294,2.7932613226049936,1.815759335973245,1.8412138940302398
0,MD,3.3033796330424994,3.355423967250637,2.416348898648538,2.485561707139856,3.1705572065490317,3.2458111466935353,2.226632883975264,2.467340471033538,2.6375509473752343,2.7373339219028434,1.7112784694490846,1.8630257647171709
0,MD,2.970449797589583,3.3064854453029127,2.1112039219364855,2.809267698173316,3.2449796609532084,3.3101996918615053,2.370923448785304,2.441592513094681,2.800986433383781,2.8184423002786483,1.8448428117322084,1.8624677178410365
0,MD,2.9841447686062414,3.021794169032697,2.1227418590115947,2.2623253523752935,3.0338122881945093,3.349502948199926,2.2217508861256254,2.4363854374872616,2.6071553463497334,2.7648916796142307,1.655022356344469,1.8323564063795013
0,MD,3.1177302641505076,3.2008756614401626,2.266447660988446,2.302451953896106,3.409489697887354,3.4353697035399255,2.5576287846362695,2.574409835282642,2.8771758722747562,2.967841303034917,1.9205639796684728,2.0168068821778644
0,MD,2.92916950687392,3.3916972152596396,2.076243964470458,2.5559242946534995,3.276555050659151,3.2909993922819254,2.338817436227119,2.4459276358878648,2.8075364645895515,2.8288989024000126,1.879400170267099,1.9571389833121184
0,MD,3.004124761132433,3.3459407351275665,2.124546302040508,2.602246665678909,2.9238790995535364,3.185008228088744,2.021872450231468,2.448235165289887,2.6173800603997117,2.7183550135626144,1.677986874434362,1.817124291014239
0,MD,2.9301824175296662,3.094786907042228,2.05024022982674,2.1384987725037403,3.1201479131605288,3.3885206211560828,2.3365294776655396,2.5115662443981055,2.7223409044423508,2.865362280759626,1.7755055618048627,1.9198270755461289
0,MD,3.055793513966545,3.0946652484558,2.1382109344028715,2.210993668014452,3.036391773141272,3.2936854737512506,2.175741942418724,2.406189726517841,2.6712083408075826,2.7480322050514614,1.7210011621146577,1.8323179309279274
0,MD,3.03441427626486,3.3181267305514424,2.147131574915705,2.394046156614362,2.828375151920269,3.18817236045983,1.8993654203443855,2.2479644125297003,2.7529774790215775,2.828928065540021,1.8164715797391382,1.8986126513852155
0,MD,2.90021717618164,3.0388945761760144,1.981778285210785,2.173522427441226,3.0384881696286077,3.2375753810265167,2.3345805366810546,2.4274117489593725,2.70987192277089,2.785285324907307,1.7885484745085896,1.9121858978867619
0,MD,3.083899997352378,3.352305848118724,2.2200486691993935,2.609918819256453,2.9476846972993904,3.1918132394950676,2.022707243868969,2.2783296393441406,2.6368673216066454,2.7768339368421002,1.688796068102363,1.8248715556457666
0,MD,2.829868724870467,3.2597346517776566,2.0569282923816283,2.343968856448396,3.140215756918624,3.3159960796116748,2.3627695613410977,2.428663418425862,2.7252025612787034,2.836046191443293,1.7975589002867196,1.971935850883593
0,MD,2.988644006903465,3.242641361606306,2.0587641924222404,2.2943868461966037,3.0887487757990284,3.128894693018606,2.2935452905927103,2.357235881281295,2.7565224468521916,2.8826633518328144,1.8127884598043993,1.9496066269891468
0,MD,2.947329129907281,3.2096831619335884,2.0160915157799764,2.381995172119372,3.2739160038095054,3.379344019184789,2.3672984602706943,2.481601700515214,2.6553986518035297,2.8118995359009538,1.7337687273682154,1.8670056239872441
0,MD,2.930790507695832,3.069590363550159,2.0015566442146966,2.180013990780793,3.2400526230294475,3.255356355301214,2.3864312267484267,2.587281971490545,2.7850877903577844,2.892130529557752,1.9307389776974007,1.978588638398594
0,MD,3.072591902612515,3.21568406408341,2.1398740617148477,2.3110887044853987,3.1493130997092043,3.356460337915525,2.283903237880274,2.4986870552352096,2.7741135521099345,2.866467163600519,1.8521525315156948,1.9755480252324928
0,MD,2.984797774644708,3.0295993731066155,2.082833750371354,2.112238114390989,3.1377943526408796,3.2357679873570975,2.362421814313016,2.5546984982625642,2.5759781234465096,2.684527457650043,1.6290304929825594,1.799944436257409
0,MD,2.8874007342244683,2.9956188008489977,1.96870465027134,2.263485365536964,2.936615398720097,3.094328521666696,2.214976297841581,2.244015597093745,2.743797004153186,2.789774363635883,1.7952406523917634,1.9279629145810877
0,MD,3.2012803688524376,3.3905269501952047,2.265287840429997,2.496074317803857,3.0592190179848187,3.1844016706439535,2.2088798065988113,2.3453174625197333,2.674425171882736,2.8106792773278135,1.7231622094277717,1.8555910109719764
0,MD,3.08526173930187,3.30840913431214,2.2097796270216628,2.461505433672654,3.2439828914468687,3.3471928537208604,2.4188819731437907,2.488598199790395,2.59910099842234,2.767734452580303,1.648422882636614,1.8401755351052782
0,MD,2.963614516093482,3.0191730655926294,2.1299347407843277,2.190730471783327,2.9800035234878495,3.3307641765817038,2.1940366906685935,2.6383648345139834,2.6649872419957275,2.7321775198548135,1.7501399944004477,1.8180035753540207
0,MD,3.1436044598517796,3.555547496518644,2.2348156523525606,2.776392263351848,2.9185095511236554,3.2448705675265384,2.1374002900720304,2.3024311064611678,2.8669352974910334,2.928116288674341,2.0435699156133613,2.0727725393781156
0,MD,3.105771964250112,3.3171626848597584,2.190705784324769,2.4115436679548226,3.054338919587183,3.2250203158786457,2.1911851259001374,2.3005637313204343,2.675335778549115,2.6880791773299766,1.7365742185008965,1.738729637571926
0,MD,3.01033370243234,3.0630204047638987,2.0606542650333157,2.237457932565438,3.1665951746315786,3.236825914379703,2.293589980794302,2.4566778380569163,2.7463175344449877,2.747502684257106,1.796507723334359,1.8474103496516419
0,MD,3.0844782378872444,3.1485213990062073,2.171745150794632,2.4226427718506085,3.1866827579788994,3.2115742245820824,2.3073356929584388,2.496896874121957,2.6712611253862844,2.802603967741429,1.7317392990863247,1.8788874367561246
0,MD,2.929676773980365,2.99970581890958,2.070402376351032,2.1064567405954495,2.9487305743319454,3.1683961242243672,2.128409265155553,2.3799327721597514,2.6964014908763123,2.717696635020179,1.7389519832358797,1.773289880420007
0,MD,2.983602017696061,3.2054530101063734,2.0485355745019422,2.3297763841193,3.1371142790787836,3.208196533880057,2.299397529789054,2.337896062702532,2.7298294818541318,2.812326794666653,1.78858463596219,1.9147287014091587
0,MD,3.1575341645024206,3.2880343672169845,2.254774711584286,2.4864370090553267,2.8718008287484,3.2791616306611058,2.122157628452703,2.3670185888581448,2.7589566868655258,2.8067329762554896,1.8249967123258053,1.881056352159605
0,MD,2.8743397502730956,3.234227110145482,1.9697933901808078,2.4229366479542964,3.45337602933709,3.5793034238521875,2.573052856044742,2.658360020764681,2.7329421874602473,2.9712275241051462,1.7910510880485795,2.060111162049271
0,MD,2.984970686623237,3.2073711977256383,2.073806885898492,2.330318862301896,3.1627791576396858,3.182882498616624,2.2510959553071026,2.3657575953592533,2.8331016571948133,2.9102305750575836,1.9429979413267529,1.9668995907264801
0,MD,2.8859816354232057,3.3261743790727505,1.949389904559886,2.6325246437592935,3.007059194628533,3.184492110211611,2.339191740751492,2.4587448017230247,2.8548180327299324,2.8621481443139865,1.9252308952434767,1.9876071040323833
0,MD,2.933966939145702,3.0871420440271287,2.0554330443972133,2.234458771156899,3.1594779632084804,3.249652442954476,2.3450420038882034,2.3631049490024765,2.760245460099518,2.7604936152797013,1.8168813940375967,1.8833778165838098
0,MD,3.0044036013824766,3.0824089605371965,2.133887766495699,2.3231956439353096,3.1614593149366943,3.212624005388741,2.2710176133178708,2.31798921481529,2.6206048920048985,2.7572669439138453,1.6715364189870343,1.803456958177821
0,MD,2.887076202665942,3.094696269426129,1.9446608958890488,2.3471288844032396,3.2349519316366973,3.277361896403874,2.40122343816647,2.487298534555111,2.7913500317946505,2.820015248185726,1.8493971990894753,1.9058906054650677
0,MD,3.1743807839909497,3.2175385282376956,2.253146166591285,2.475186088449917,3.1466693078429775,3.525483253649774,2.309884430351657,2.679666778194072,2.727300127698087,2.9332729130145743,1.7968027415751564,2.005540837169366
0,MD,3.210483452690575,3.2291023520477014,2.254381733424932,2.3780725388431687,3.082172934797785,3.2179846177382525,2.3557990151963306,2.4819911361646727,2.7843042218838088,2.810939166897783,1.8382646708240902,1.8643143511757883
0,MD,2.999418943728934,3.0372089160938516,2.1040368342783338,2.4120999150118156,3.0481066254315974,3.1575473076424374,2.2106263818203207,2.294834416684567,2.7378166483532094,2.755437896233555,1.7888124552339177,1.8101638047425432
0,MD,3.085035494123203,3.422261386861033,2.1397219445526092,2.5680587999498767,3.2213540631231457,3.2568090211125367,2.338083616982079,2.534022888610125,2.716758914589221,2.732275608352862,1.7720014108346531,1.7905725341353813
0,MD,3.2055331849787474,3.2396396404538574,2.2854550969117726,2.4341308510431383,3.1818651762763293,3.2206915406477528,2.2739536055073764,2.4052554957841803,2.872576891921258,2.889992041511533,1.940355895190364,2.035926570385091
0,MD,3.1000885471224855,3.145118916670719,2.1790665432703062,2.228853741275995,3.1958330682311926,3.2353981207882287,2.3024293691664024,2.3337861941488987,2.7743121670064457,2.783639703697301,1.832892795555703,1.8613384968887305
0,MD,3.2489604491283046,3.4364424918802294,2.386260044504789,2.769042072630895,2.9325690102706883,3.380512683011261,2.010534506045595,2.4864249435685766,2.6454234065646274,2.825358561315712,1.7078773375157832,1.8977223189919006
0,MD,2.89470931183081,3.03617868380634,1.967196228137905,2.1157818885698028,3.007818146098596,3.331750590905628,2.134001171508582,2.696474179368309,2.6893346760862626,2.843980485165115,1.7468105220658592,1.906888827383495
0,MD,3.094714317580542,3.146636024752943,2.2262684702400564,2.274740334182343,3.0245950095254077,3.2511371405918883,2.2852672030250645,2.4437253567835726,2.7614015458303056,2.7809627539490713,1.816287511401485,1.8522557336431706
0,MD,3.0605367176363036,3.399614536973273,2.1658741884052266,2.6394425547831117,3.0582199070701246,3.162916849997799,2.1486058270422714,2.472879697842174,2.8022424948601428,2.8124361326081715,1.9279966286277581,1.928753742705377
0,MD,2.963729744764188,3.04403827176992,2.056854394457712,2.103436711669738,3.109334012292665,3.48668696616143,2.2001624939990228,2.586295613420863,2.7260733665842527,2.7407774444489297,1.8297467037817003,1.8402353110404115
0,MD,3.0789657354377953,3.33182922731643,2.321193443037439,2.4079561873090625,2.9113410999056772,2.9125221029204225,2.137826232414599,2.2960448601889296,2.7129144844613147,2.7516129815073915,1.7663400012455137,1.8248835579291083
0,MD,3.2516355884385315,3.521031382989933,2.322232977114915,2.89861794653935,3.1434582866645457,3.1809126048981593,2.3099041105639,2.4671888861617384,2.5818150592170612,2.770080865245635,1.667553297499063,1.8737601233882637
0,MD,3.058643811491786,3.268839079010621,2.127981581760754,2.398241094858897,2.8807523861496667,3.231719300378825,2.107106083907975,2.4655968207624706,2.722132237113766,2.823586519783305,1.7908099728631173,1.9196305318964375
0,MD,3.025964143872164,3.0345698212432013,2.1312695746901653,2.175281590967018,3.0611194030942337,3.263895218906393,2.293165061656052,2.5788933673186247,2.751935500697645,2.7711217945084985,1.8239531243976628,1.8499864864371314
0,MD,3.0223292342165506,3.3360872290754027,2.092096795083823,2.5493473674648577,3.0293976298927814,3.140163690000889,2.4694831443036818,2.5619752145561434,2.883425393520699,2.905469497344619,1.9661500451389773,1.9859574517093779
0,MD,3.120833542501105,3.1434803959942235,2.197263070276293,2.2782513030831346,3.13716129645895,3.1947747964449693,2.3055088375454122,2.4846241164409553,2.698481980669873,2.809816542053947,1.791671286815749,1.8934671901039113
0,MD,2.860113808924392,3.05710156847953,1.91798044828408,2.1459927772478644,2.9072861916226955,3.187610547102641,2.0770512752457506,2.4149231871842214,2.6714919052843857,2.8093611373406584,1.7453440921491665,1.853840068614334
0,MD,3.1157504713952946,3.1505737572702524,2.1831905551279767,2.3677806063907187,3.0643841143042105,3.25346230960188,2.240706584986084,2.4040965038866466,2.7791518490359612,2.8336663529780646,1.8304504909994157,1.8786386028185413
0,MD,3.0178889972959575,3.0293571925410183,2.073262646169076,2.096289340716112,3.363379699052725,3.3760950815994493,2.507699742792188,2.507835321547247,2.8727817529356443,2.921957905240937,1.9700862925262932,1.9736638518248237
0,MD,2.941470550591999,3.2730384965655377,2.300864837403535,2.4646417589580847,3.0775655963764605,3.07960435770571,2.2596287305661513,2.265184098478532,2.6991587578354843,2.7070903198822154,1.7479513723213238,1.7935294812185272
